Source_mag,Energy
100,187.46660411183495
10,0.024208938927137824
5,0.0049250725743654016
2,0.31465991455619013
1,0.00023111549768871665
0.1,2.1651353034013747e-06
